timestamp,open,high,low,close,volume,symbol
2025-10-07 16:15:00,21.92,21.94,21.84,21.93,8.95,LINK/USDT
2025-10-07 16:30:00,21.89,22.13,21.89,22.13,30.87,LINK/USDT
2025-10-07 16:45:00,22.11,22.13,22.04,22.04,39.0,LINK/USDT
2025-10-07 17:00:00,22.06,22.06,22.04,22.04,45.31,LINK/USDT
2025-10-07 17:15:00,22.04,22.04,22.04,22.04,0.9,LINK/USDT
2025-10-07 17:30:00,22.02,22.02,22.02,22.02,4.53,LINK/USDT
2025-10-07 17:45:00,22.04,22.07,21.96,21.96,25.91,LINK/USDT
2025-10-07 18:00:00,21.91,21.96,21.91,21.96,3.28,LINK/USDT
2025-10-07 18:15:00,21.9,21.9,21.9,21.9,1.83,LINK/USDT
2025-10-07 18:30:00,21.87,21.9,21.84,21.9,6.48,LINK/USDT
2025-10-07 18:45:00,21.89,21.89,21.87,21.87,5.25,LINK/USDT
2025-10-07 19:00:00,21.84,21.95,21.84,21.94,7.18,LINK/USDT
2025-10-07 19:15:00,21.85,21.91,21.85,21.89,6.76,LINK/USDT
2025-10-07 19:30:00,21.87,21.87,21.87,21.87,22.0,LINK/USDT
2025-10-07 19:45:00,21.96,21.96,21.88,21.88,2.59,LINK/USDT
2025-10-07 20:00:00,21.92,22.0,21.92,22.0,4.53,LINK/USDT
2025-10-07 20:15:00,22.02,22.08,22.02,22.08,1.91,LINK/USDT
2025-10-07 20:30:00,22.1,22.1,22.1,22.1,20.91,LINK/USDT
2025-10-07 20:45:00,22.11,22.11,22.11,22.11,0.68,LINK/USDT
2025-10-07 21:00:00,22.09,22.09,22.09,22.09,1.19,LINK/USDT
2025-10-07 21:15:00,22.17,22.18,22.17,22.18,2.02,LINK/USDT
2025-10-07 21:30:00,22.16,22.16,22.07,22.07,248.14,LINK/USDT
2025-10-07 21:45:00,22.02,22.02,22.0,22.01,247.41,LINK/USDT
2025-10-07 22:00:00,22.02,22.05,21.99,22.05,117.64,LINK/USDT
2025-10-07 22:15:00,22.09,22.09,22.08,22.08,1.81,LINK/USDT
2025-10-07 22:30:00,22.08,22.08,22.08,22.08,0.4,LINK/USDT
2025-10-07 22:45:00,22.08,22.08,22.08,22.08,0.0,LINK/USDT
2025-10-07 23:00:00,22.04,22.04,21.97,21.97,76.05,LINK/USDT
2025-10-07 23:15:00,21.97,21.97,21.91,21.92,13.19,LINK/USDT
2025-10-07 23:30:00,21.93,21.93,21.81,21.87,59.01,LINK/USDT
2025-10-07 23:45:00,21.85,21.89,21.8,21.8,34.87,LINK/USDT
2025-10-08 00:00:00,21.79,21.89,21.79,21.89,25.3,LINK/USDT
2025-10-08 00:15:00,21.95,21.97,21.94,21.96,6.15,LINK/USDT
2025-10-08 00:30:00,22.01,22.02,22.01,22.01,3031.58,LINK/USDT
2025-10-08 00:45:00,22.03,22.03,22.03,22.03,0.45,LINK/USDT
2025-10-08 01:00:00,21.98,21.98,21.96,21.96,12.69,LINK/USDT
2025-10-08 01:15:00,21.96,21.96,21.96,21.96,0.0,LINK/USDT
2025-10-08 01:30:00,22.08,22.09,22.08,22.09,14.55,LINK/USDT
2025-10-08 01:45:00,22.04,22.09,22.04,22.08,22.49,LINK/USDT
2025-10-08 02:00:00,22.07,22.07,22.05,22.05,14.06,LINK/USDT
2025-10-08 02:15:00,22.11,22.14,22.11,22.14,17.83,LINK/USDT
2025-10-08 02:30:00,21.98,21.99,21.98,21.99,2.47,LINK/USDT
2025-10-08 02:45:00,21.98,21.98,21.98,21.98,1.81,LINK/USDT
2025-10-08 03:00:00,21.98,21.98,21.98,21.98,0.0,LINK/USDT
2025-10-08 03:15:00,21.84,21.84,21.69,21.77,46.88,LINK/USDT
2025-10-08 03:30:00,21.77,21.77,21.77,21.77,0.0,LINK/USDT
2025-10-08 03:45:00,21.81,21.81,21.81,21.81,0.91,LINK/USDT
2025-10-08 04:00:00,21.75,21.85,21.75,21.85,28.45,LINK/USDT
2025-10-08 04:15:00,21.85,21.85,21.85,21.85,0.0,LINK/USDT
2025-10-08 04:30:00,21.83,21.83,21.83,21.83,1.36,LINK/USDT
2025-10-08 04:45:00,21.96,21.97,21.93,21.93,1.43,LINK/USDT
2025-10-08 05:00:00,21.94,21.94,21.89,21.89,2.81,LINK/USDT
2025-10-08 05:15:00,21.88,21.88,21.87,21.87,2.28,LINK/USDT
2025-10-08 05:30:00,21.83,21.83,21.83,21.83,1.6,LINK/USDT
2025-10-08 05:45:00,21.75,21.83,21.74,21.79,19.73,LINK/USDT
2025-10-08 06:00:00,21.83,21.83,21.83,21.83,0.45,LINK/USDT
2025-10-08 06:15:00,21.87,21.87,21.81,21.81,2685.81,LINK/USDT
2025-10-08 06:30:00,21.83,21.83,21.83,21.83,0.91,LINK/USDT
2025-10-08 06:45:00,21.85,21.85,21.83,21.83,18.42,LINK/USDT
2025-10-08 07:00:00,21.82,21.88,21.82,21.88,3.36,LINK/USDT
2025-10-08 07:15:00,21.75,21.75,21.74,21.75,3.92,LINK/USDT
2025-10-08 07:30:00,21.75,21.75,21.75,21.75,0.0,LINK/USDT
2025-10-08 07:45:00,21.89,21.91,21.87,21.87,2.49,LINK/USDT
2025-10-08 08:00:00,21.92,21.95,21.92,21.95,5.22,LINK/USDT
2025-10-08 08:15:00,21.89,21.89,21.89,21.89,1.0,LINK/USDT
2025-10-08 08:30:00,21.89,21.89,21.89,21.89,0.0,LINK/USDT
2025-10-08 08:45:00,22.07,22.07,22.04,22.04,1.21,LINK/USDT
2025-10-08 09:00:00,22.04,22.04,22.04,22.04,19.22,LINK/USDT
2025-10-08 09:15:00,22.0,22.0,21.95,21.95,31.81,LINK/USDT
2025-10-08 09:30:00,21.97,21.97,21.97,21.97,0.91,LINK/USDT
2025-10-08 09:45:00,21.92,21.95,21.92,21.95,7.81,LINK/USDT
2025-10-08 10:00:00,22.01,22.03,22.0,22.03,6.82,LINK/USDT
2025-10-08 10:15:00,21.98,21.98,21.98,21.98,6.82,LINK/USDT
2025-10-08 10:30:00,22.02,22.08,22.02,22.08,38.68,LINK/USDT
2025-10-08 10:45:00,22.05,22.07,22.05,22.06,10.79,LINK/USDT
2025-10-08 11:00:00,22.11,22.13,22.11,22.11,31.77,LINK/USDT
2025-10-08 11:15:00,22.14,22.14,22.11,22.11,15.71,LINK/USDT
2025-10-08 11:30:00,22.11,22.11,22.11,22.11,0.0,LINK/USDT
2025-10-08 11:45:00,22.06,22.06,22.05,22.05,69.37,LINK/USDT
2025-10-08 12:00:00,22.07,22.07,22.07,22.07,5.98,LINK/USDT
2025-10-08 12:15:00,21.95,21.95,21.94,21.95,2.16,LINK/USDT
2025-10-08 12:30:00,21.99,22.03,21.97,22.03,3.27,LINK/USDT
2025-10-08 12:45:00,22.14,22.14,22.13,22.13,5.45,LINK/USDT
2025-10-08 13:00:00,22.16,22.16,22.03,22.03,25.26,LINK/USDT
2025-10-08 13:15:00,22.03,22.03,22.03,22.03,0.9,LINK/USDT
2025-10-08 13:30:00,21.98,22.0,21.98,22.0,4.0,LINK/USDT
2025-10-08 13:45:00,21.94,22.15,21.93,22.15,6.57,LINK/USDT
2025-10-08 14:00:00,22.19,22.34,22.19,22.28,44.71,LINK/USDT
2025-10-08 14:15:00,22.22,22.22,22.21,22.21,13.38,LINK/USDT
2025-10-08 14:30:00,22.05,22.05,22.05,22.05,0.45,LINK/USDT
2025-10-08 14:45:00,21.98,21.98,21.93,21.93,30.3,LINK/USDT
2025-10-08 15:00:00,21.96,22.03,21.96,22.03,14.69,LINK/USDT
2025-10-08 15:15:00,22.08,22.09,22.08,22.09,26.46,LINK/USDT
2025-10-08 15:30:00,22.06,22.06,22.03,22.03,5.88,LINK/USDT
2025-10-08 15:45:00,22.03,22.03,22.03,22.03,0.0,LINK/USDT
2025-10-08 16:00:00,21.98,22.01,21.98,21.99,920.99,LINK/USDT
2025-10-08 16:15:00,22.09,22.09,22.09,22.09,20.0,LINK/USDT
2025-10-08 16:30:00,22.09,22.09,22.09,22.09,0.0,LINK/USDT
2025-10-08 16:45:00,22.08,22.08,22.08,22.08,22.0,LINK/USDT
2025-10-08 17:00:00,22.08,22.08,22.08,22.08,0.0,LINK/USDT
